--
-- Script was generated by Devart dbForge Studio 2020 for MySQL, Version 9.0.338.0
-- Product home page: http://www.devart.com/dbforge/mysql/studio
-- Script date 03/09/2022 2:26:16 AM
-- Server version: 10.4.21
-- Client version: 4.1
--

-- 
-- Disable foreign keys
-- 
/*!40014 SET @OLD_FOREIGN_KEY_CHECKS=@@FOREIGN_KEY_CHECKS, FOREIGN_KEY_CHECKS=0 */;

-- 
-- Set SQL mode
-- 
/*!40101 SET @OLD_SQL_MODE=@@SQL_MODE, SQL_MODE='NO_AUTO_VALUE_ON_ZERO' */;

-- 
-- Set character set the client will use to send SQL statements to the server
--
SET NAMES 'utf8';

--
-- Set default database
--
USE ecommerce;

--
-- Drop procedure `test`
--
DROP PROCEDURE IF EXISTS test;

--
-- Drop table `category`
--
DROP TABLE IF EXISTS category;

--
-- Drop table `groupcategory`
--
DROP TABLE IF EXISTS groupcategory;

--
-- Drop table `ordershippingsupplystatus`
--
DROP TABLE IF EXISTS ordershippingsupplystatus;

--
-- Drop table `ordershippingsupply`
--
DROP TABLE IF EXISTS ordershippingsupply;

--
-- Drop table `user`
--
DROP TABLE IF EXISTS user;

--
-- Drop table `role`
--
DROP TABLE IF EXISTS role;

--
-- Drop table `orderdetail`
--
DROP TABLE IF EXISTS orderdetail;

--
-- Drop table `orderproduct`
--
DROP TABLE IF EXISTS orderproduct;

--
-- Drop table `order`
--
DROP TABLE IF EXISTS `order`;

--
-- Drop table `orderdiscount`
--
DROP TABLE IF EXISTS orderdiscount;

--
-- Drop table `ordershippingtype`
--
DROP TABLE IF EXISTS ordershippingtype;

--
-- Drop table `productdetail`
--
DROP TABLE IF EXISTS productdetail;

--
-- Drop table `productfeedback`
--
DROP TABLE IF EXISTS productfeedback;

--
-- Drop table `productimage`
--
DROP TABLE IF EXISTS productimage;

--
-- Drop table `product`
--
DROP TABLE IF EXISTS product;

--
-- Drop table `productunittype`
--
DROP TABLE IF EXISTS productunittype;

--
-- Set default database
--
USE ecommerce;

--
-- Create table `productunittype`
--
CREATE TABLE productunittype (
  productUnitTypeId char(36) NOT NULL,
  productUnitTypeName varchar(255) NOT NULL,
  PRIMARY KEY (productUnitTypeId)
)
ENGINE = INNODB,
AVG_ROW_LENGTH = 910,
CHARACTER SET utf8mb4,
COLLATE utf8mb4_general_ci;

--
-- Create table `product`
--
CREATE TABLE product (
  productId char(36) NOT NULL,
  productCode varchar(255) NOT NULL,
  productName varchar(255) NOT NULL,
  productPrice int(11) NOT NULL,
  productDiscount int(11) NOT NULL,
  productDescription text NOT NULL,
  productStatus tinyint(1) NOT NULL,
  productQuantity int(11) NOT NULL,
  categoryId char(36) NOT NULL,
  productUnitTypeId char(36) NOT NULL,
  isDiscount tinyint(1) NOT NULL,
  PRIMARY KEY (productId)
)
ENGINE = INNODB,
AVG_ROW_LENGTH = 8192,
CHARACTER SET utf8mb4,
COLLATE utf8mb4_general_ci;

--
-- Create foreign key
--
ALTER TABLE product
ADD CONSTRAINT FK_product_productUnitTypeId FOREIGN KEY (productUnitTypeId)
REFERENCES productunittype (productUnitTypeId) ON DELETE NO ACTION;

--
-- Create table `productimage`
--
CREATE TABLE productimage (
  productImageId char(36) NOT NULL,
  productImageLink text NOT NULL,
  productId char(255) NOT NULL,
  PRIMARY KEY (productImageId)
)
ENGINE = INNODB,
AVG_ROW_LENGTH = 8192,
CHARACTER SET utf8mb4,
COLLATE utf8mb4_general_ci;

--
-- Create foreign key
--
ALTER TABLE productimage
ADD CONSTRAINT productimage_productid_foreign FOREIGN KEY (productId)
REFERENCES product (productId);

--
-- Create table `productfeedback`
--
CREATE TABLE productfeedback (
  productFeedbackId char(36) NOT NULL,
  customerName varchar(255) NOT NULL,
  customerEmail varchar(255) NOT NULL,
  customerPhoneNumber varchar(255) NOT NULL,
  productFeedbackTitle varchar(255) NOT NULL,
  productFeedbackContent varchar(255) NOT NULL,
  productFeedbackStar int(11) NOT NULL,
  productId char(36) NOT NULL,
  PRIMARY KEY (productFeedbackId)
)
ENGINE = INNODB,
CHARACTER SET utf8mb4,
COLLATE utf8mb4_general_ci;

--
-- Create foreign key
--
ALTER TABLE productfeedback
ADD CONSTRAINT productfeedback_productid_foreign FOREIGN KEY (productId)
REFERENCES product (productId);

--
-- Create table `productdetail`
--
CREATE TABLE productdetail (
  productDetailId char(36) NOT NULL,
  productDetailOrigin varchar(255) NOT NULL,
  productDetailIngredent varchar(255) NOT NULL,
  productDetailGruide longtext NOT NULL,
  productId char(36) NOT NULL,
  PRIMARY KEY (productDetailId)
)
ENGINE = INNODB,
CHARACTER SET utf8mb4,
COLLATE utf8mb4_general_ci;

--
-- Create foreign key
--
ALTER TABLE productdetail
ADD CONSTRAINT productdetail_productid_foreign FOREIGN KEY (productId)
REFERENCES product (productId);

--
-- Create table `ordershippingtype`
--
CREATE TABLE ordershippingtype (
  orderShippingTypeId char(36) NOT NULL,
  orderShippingTypeCode int(11) NOT NULL,
  PRIMARY KEY (orderShippingTypeId)
)
ENGINE = INNODB,
CHARACTER SET utf8mb4,
COLLATE utf8mb4_general_ci;

--
-- Create table `orderdiscount`
--
CREATE TABLE orderdiscount (
  isSytem tinyint(1) NOT NULL,
  orderDiscountName varchar(255) NOT NULL,
  orderDiscountType int(11) NOT NULL,
  orderDiscountAmount int(11) NOT NULL,
  orderDiscountId char(36) NOT NULL,
  orderDiscountCode int(11) NOT NULL,
  orderDiscountPercent int(11) NOT NULL,
  PRIMARY KEY (orderDiscountId)
)
ENGINE = INNODB,
AVG_ROW_LENGTH = 8192,
CHARACTER SET utf8mb4,
COLLATE utf8mb4_general_ci;

--
-- Create table `order`
--
CREATE TABLE `order` (
  orderId char(36) NOT NULL,
  orderTotalAmount int(11) NOT NULL,
  orderShippingTypeId char(36) NOT NULL,
  orderDiscountId char(36) NOT NULL,
  PRIMARY KEY (orderId)
)
ENGINE = INNODB,
CHARACTER SET utf8mb4,
COLLATE utf8mb4_general_ci;

--
-- Create foreign key
--
ALTER TABLE `order`
ADD CONSTRAINT FK_order_orderDiscountId FOREIGN KEY (orderDiscountId)
REFERENCES orderdiscount (orderDiscountId) ON DELETE NO ACTION;

--
-- Create foreign key
--
ALTER TABLE `order`
ADD CONSTRAINT order_ordershippingtypeid_foreign FOREIGN KEY (orderShippingTypeId)
REFERENCES ordershippingtype (orderShippingTypeId);

--
-- Create table `orderproduct`
--
CREATE TABLE orderproduct (
  orderProductId char(36) NOT NULL,
  orderId char(36) NOT NULL,
  productId char(36) NOT NULL,
  amount int(11) NOT NULL,
  quantity int(11) NOT NULL,
  PRIMARY KEY (orderProductId)
)
ENGINE = INNODB,
CHARACTER SET utf8mb4,
COLLATE utf8mb4_general_ci;

--
-- Create foreign key
--
ALTER TABLE orderproduct
ADD CONSTRAINT orderproduct_orderid_foreign FOREIGN KEY (orderId)
REFERENCES `order` (orderId);

--
-- Create foreign key
--
ALTER TABLE orderproduct
ADD CONSTRAINT orderproduct_productid_foreign FOREIGN KEY (productId)
REFERENCES product (productId);

--
-- Create table `orderdetail`
--
CREATE TABLE orderdetail (
  orderDetailId char(36) NOT NULL,
  orderDetailDate varchar(255) NOT NULL,
  orderDetailPhoneNumber varchar(255) NOT NULL,
  orderDetailDiscountCode int(11) NOT NULL,
  orderDetailNote varchar(255) NOT NULL,
  orderDetailAddress varchar(255) NOT NULL,
  orderId char(36) NOT NULL,
  PRIMARY KEY (orderDetailId)
)
ENGINE = INNODB,
CHARACTER SET utf8mb4,
COLLATE utf8mb4_general_ci;

--
-- Create foreign key
--
ALTER TABLE orderdetail
ADD CONSTRAINT orderdetail_orderid_foreign FOREIGN KEY (orderId)
REFERENCES `order` (orderId);

--
-- Create table `role`
--
CREATE TABLE role (
  roleId char(36) NOT NULL,
  roleName varchar(255) NOT NULL,
  PRIMARY KEY (roleId)
)
ENGINE = INNODB,
AVG_ROW_LENGTH = 4096,
CHARACTER SET utf8mb4,
COLLATE utf8mb4_general_ci;

--
-- Create table `user`
--
CREATE TABLE user (
  userId char(36) NOT NULL,
  username varchar(255) NOT NULL,
  phoneNumber varchar(255) NOT NULL,
  address varchar(255) NOT NULL,
  email varchar(255) NOT NULL,
  status tinyint(1) NOT NULL DEFAULT 1,
  password varchar(255) NOT NULL,
  fullName varchar(255) NOT NULL,
  avatar longtext NOT NULL,
  roleId char(36) NOT NULL,
  PRIMARY KEY (userId)
)
ENGINE = INNODB,
AVG_ROW_LENGTH = 8192,
CHARACTER SET utf8mb4,
COLLATE utf8mb4_general_ci;

--
-- Create foreign key
--
ALTER TABLE user
ADD CONSTRAINT user_roleid_foreign FOREIGN KEY (roleId)
REFERENCES role (roleId);

--
-- Create table `ordershippingsupply`
--
CREATE TABLE ordershippingsupply (
  orderShippingSupply char(255) NOT NULL,
  orderShippingSupplyName varchar(255) NOT NULL,
  orderShippingSupplyCode varchar(255) NOT NULL,
  orderShippingSupplyAmount int(11) NOT NULL,
  orderShippingSupplyAddress varchar(255) NOT NULL,
  PRIMARY KEY (orderShippingSupply)
)
ENGINE = INNODB,
CHARACTER SET utf8mb4,
COLLATE utf8mb4_general_ci;

--
-- Create table `ordershippingsupplystatus`
--
CREATE TABLE ordershippingsupplystatus (
  orderShippingSupplyStatusId char(36) NOT NULL,
  orderShippingSupplyStatusStage int(11) NOT NULL,
  orderShippingSupplyStatusCoordinate longtext NOT NULL,
  orderShippingSupplyId char(36) NOT NULL,
  orderId char(36) NOT NULL DEFAULT '',
  PRIMARY KEY (orderShippingSupplyStatusId)
)
ENGINE = INNODB,
CHARACTER SET utf8mb4,
COLLATE utf8mb4_general_ci;

--
-- Create foreign key
--
ALTER TABLE ordershippingsupplystatus
ADD CONSTRAINT FK_ordershippingsupplystatus_orderId FOREIGN KEY (orderId)
REFERENCES `order` (orderId) ON DELETE NO ACTION;

--
-- Create foreign key
--
ALTER TABLE ordershippingsupplystatus
ADD CONSTRAINT ordershippingsupplystatus_ordershippingsupplyid_foreign FOREIGN KEY (orderShippingSupplyId)
REFERENCES ordershippingsupply (orderShippingSupply);

--
-- Create table `groupcategory`
--
CREATE TABLE groupcategory (
  groupCategoryId char(36) NOT NULL,
  groupCategoryName varchar(255) NOT NULL,
  PRIMARY KEY (groupCategoryId)
)
ENGINE = INNODB,
AVG_ROW_LENGTH = 1489,
CHARACTER SET utf8mb4,
COLLATE utf8mb4_general_ci;

--
-- Create table `category`
--
CREATE TABLE category (
  categoryId char(36) NOT NULL,
  categoryName varchar(255) NOT NULL,
  groupCategoryId char(36) NOT NULL DEFAULT '',
  PRIMARY KEY (categoryId)
)
ENGINE = INNODB,
AVG_ROW_LENGTH = 327,
CHARACTER SET utf8mb4,
COLLATE utf8mb4_general_ci;

--
-- Create foreign key
--
ALTER TABLE category
ADD CONSTRAINT FK_category_groupCategoryId FOREIGN KEY (groupCategoryId)
REFERENCES groupcategory (groupCategoryId) ON DELETE NO ACTION;

DELIMITER $$

--
-- Create procedure `test`
--
CREATE DEFINER = 'root'@'localhost'
PROCEDURE test ()
BEGIN
  INSERT INTO role (roleId, roleName)
    VALUES (UUID(), 'vipUser1');
  SELECT
    LAST_INSERT_ID();
END
$$

DELIMITER ;

-- 
-- Dumping data for table productunittype
--
INSERT INTO productunittype VALUES
('75ba9204-0fdd-11ed-8918-34415dd21b70', 'Chiếc'),
('75eba3a8-0fdd-11ed-8918-34415dd21b70', 'Lít'),
('75eba477-0fdd-11ed-8918-34415dd21b70', 'Thùng'),
('75eba49e-0fdd-11ed-8918-34415dd21b70', 'Kg'),
('75eba4c0-0fdd-11ed-8918-34415dd21b70', 'Lon'),
('75eba4eb-0fdd-11ed-8918-34415dd21b70', 'Hộp'),
('75eba514-0fdd-11ed-8918-34415dd21b70', 'Chai'),
('75eba532-0fdd-11ed-8918-34415dd21b70', 'Gói'),
('75eba558-0fdd-11ed-8918-34415dd21b70', 'Bó'),
('75eba573-0fdd-11ed-8918-34415dd21b70', 'Khay'),
('75eba58d-0fdd-11ed-8918-34415dd21b70', 'Lọ'),
('75eba5a9-0fdd-11ed-8918-34415dd21b70', 'Gói 10'),
('75eba5c3-0fdd-11ed-8918-34415dd21b70', 'Gói 3'),
('75eba5dc-0fdd-11ed-8918-34415dd21b70', 'Gói 4'),
('75eba5f4-0fdd-11ed-8918-34415dd21b70', 'Gói 6'),
('75eba60c-0fdd-11ed-8918-34415dd21b70', 'Can'),
('75eba623-0fdd-11ed-8918-34415dd21b70', 'Bộ'),
('75eba643-0fdd-11ed-8918-34415dd21b70', 'Tuýp');

-- 
-- Dumping data for table ordershippingtype
--
-- Table ecommerce.ordershippingtype does not contain any data (it is empty)

-- 
-- Dumping data for table orderdiscount
--
INSERT INTO orderdiscount VALUES
(1, 'Giảm giá toàn gian hàng', 0, 0, '7c040bf3-0fe0-11ed-8918-34415dd21b70', 0, 2),
(0, 'Giảm giá mừng 2/9', 1, 25000, '7c040f71-0fe0-11ed-8918-34415dd21b70', 0, 0);

-- 
-- Dumping data for table role
--
INSERT INTO role VALUES
('d556ecae-1cbb-11ed-bbb9-34415dd21b70', 'admin'),
('e094cc15-1cbb-11ed-bbb9-34415dd21b70', 'normalUser'),
('e50ddbeb-1cbb-11ed-bbb9-34415dd21b70', 'vipUser');

-- 
-- Dumping data for table ordershippingsupply
--
-- Table ecommerce.ordershippingsupply does not contain any data (it is empty)

-- 
-- Dumping data for table product
--
INSERT INTO product VALUES
('0911a91b-1b4f-11ed-8dc4-34415dd21b70', 'PD00003', 'Bánh trứng Tipo Hữu Nghị1 gói 220g', 40300, 0, '', 1, 1000, '3dfdbaff-0fdc-11ed-8918-34415dd21b70', '75eba532-0fdd-11ed-8918-34415dd21b70', 0),
('386825b2-1b4d-11ed-8dc4-34415dd21b70', 'PD00001', 'Bánh bơ trứng Richy gói 270g', 30000, 25000, '', 1, 1000, '3dfdbaff-0fdc-11ed-8918-34415dd21b70', '75eba532-0fdd-11ed-8918-34415dd21b70', 0),
('a86cf562-1b4e-11ed-8dc4-34415dd21b70', 'PD00002', 'Bánh trứng Tipo Hữu Nghị gói 220g', 39300, 0, '', 1, 1000, '3dfdbaff-0fdc-11ed-8918-34415dd21b70', '75eba532-0fdd-11ed-8918-34415dd21b70', 0);

-- 
-- Dumping data for table `order`
--
-- Table ecommerce.`order` does not contain any data (it is empty)

-- 
-- Dumping data for table groupcategory
--
INSERT INTO groupcategory VALUES
('7296a6c6-0fd9-11ed-8918-34415dd21b70', 'Rau - Củ - Trái Cây'),
('78286e3f-0fd9-11ed-8918-34415dd21b70', 'Thịt - Trứng - Hải Sản'),
('7e3bec1d-0fd9-11ed-8918-34415dd21b70', 'Thực Phẩm Chế Biến'),
('80497c41-0fd9-11ed-8918-34415dd21b70', 'Thực Phẩm Đông Lạnh'),
('836d0192-0fd9-11ed-8918-34415dd21b70', 'Thực Phẩm Khô - Gia Vị'),
('861ae0b4-0fd9-11ed-8918-34415dd21b70', 'Bánh Kẹo - Đồ Ăn Vặt'),
('88a5158f-0fd9-11ed-8918-34415dd21b70', 'Sữa - Sản Phẩm Từ Sữa'),
('8abc42e6-0fd9-11ed-8918-34415dd21b70', 'Đồ Uống - Giải Khát'),
('8cda154f-0fd9-11ed-8918-34415dd21b70', 'Hóa Mỹ Phẩm'),
('8ef7b464-0fd9-11ed-8918-34415dd21b70', 'Chăm Sóc Cá Nhân'),
('91452f3f-0fd9-11ed-8918-34415dd21b70', 'Chăm Sóc Mẹ Và Bé');

-- 
-- Dumping data for table user
--
INSERT INTO user VALUES
('45d289c1-2aec-11ed-bcec-34415dd21b70', 'nindaphi@gmail.com', '0936032597', 'Ha Noi', 'ngoctest@gmail.com', 1, '7bfe8ed9fc8127bfc322b6b24fd13e4d', 'tbngoc', 'http://res.cloudinary.com/mp32022/image/upload/v1662142987/73a856c0-fc89-11ec-aa89-0a5de61f8cc6.jpg', 'e094cc15-1cbb-11ed-bbb9-34415dd21b70'),
('6fa5dcbc-2aed-11ed-bcec-34415dd21b70', 'ngocaka2000', '', '', '', 1, '4297f44b13955235245b2497399d7a93', 'tbngoc', 'http://res.cloudinary.com/mp32022/image/upload/v1662143493/73a8563d-fc89-11ec-aa89-0a5de61f8cc6.jpg', 'e094cc15-1cbb-11ed-bbb9-34415dd21b70'),
('969b3c42-2aed-11ed-bcec-34415dd21b70', 'ngoc123123', '', '', '', 1, '7c6240ee7aeb09cdb5c426860a219f0f', 'tbngoc', 'http://res.cloudinary.com/mp32022/image/upload/v1662143554/73a8533f-fc89-11ec-aa89-0a5de61f8cc6.jpg', 'e094cc15-1cbb-11ed-bbb9-34415dd21b70'),
('cc90159b-2aed-11ed-bcec-34415dd21b70', 'ngoclp', '', '', '', 1, '7bfe8ed9fc8127bfc322b6b24fd13e4d', 'tbngoc', 'http://res.cloudinary.com/mp32022/image/upload/v1662143554/73a8533f-fc89-11ec-aa89-0a5de61f8cc6.jpg', 'e094cc15-1cbb-11ed-bbb9-34415dd21b70');

-- 
-- Dumping data for table productimage
--
INSERT INTO productimage VALUES
('82206d09-1b80-11ed-a371-34415dd21b70', 'https://res.cloudinary.com/mp32022/image/upload/v1660447407/ProductImage/162427304216810013765-G1-Bonh-trung-caramel-Tipo-hop-360g.jpg', '0911a91b-1b4f-11ed-8dc4-34415dd21b70'),
('85e10415-1b80-11ed-a371-34415dd21b70', 'https://res.cloudinary.com/mp32022/image/upload/v1660447407/ProductImage/162427304216810013765-G1-Bonh-trung-caramel-Tipo-hop-360g.jpg', 'a86cf562-1b4e-11ed-8dc4-34415dd21b70'),
('98ee8299-1b7e-11ed-a371-34415dd21b70', 'https://res.cloudinary.com/mp32022/image/upload/ProductImage/162427538306610013858-G1-Bonh-keo-Richy-Bonh-gao-mat-ong-108g.jpg', '386825b2-1b4d-11ed-8dc4-34415dd21b70');

-- 
-- Dumping data for table productfeedback
--
-- Table ecommerce.productfeedback does not contain any data (it is empty)

-- 
-- Dumping data for table productdetail
--
-- Table ecommerce.productdetail does not contain any data (it is empty)

-- 
-- Dumping data for table ordershippingsupplystatus
--
-- Table ecommerce.ordershippingsupplystatus does not contain any data (it is empty)

-- 
-- Dumping data for table orderproduct
--
-- Table ecommerce.orderproduct does not contain any data (it is empty)

-- 
-- Dumping data for table orderdetail
--
-- Table ecommerce.orderdetail does not contain any data (it is empty)

-- 
-- Dumping data for table category
--
INSERT INTO category VALUES
('3cd31331-0fdc-11ed-8918-34415dd21b70', 'Rau củ', '7296a6c6-0fd9-11ed-8918-34415dd21b70'),
('3cd31638-0fdc-11ed-8918-34415dd21b70', 'Trái cây', '7296a6c6-0fd9-11ed-8918-34415dd21b70'),
('3cd316ca-0fdc-11ed-8918-34415dd21b70', 'Thịt', '78286e3f-0fd9-11ed-8918-34415dd21b70'),
('3cd31717-0fdc-11ed-8918-34415dd21b70', 'Trứng', '78286e3f-0fd9-11ed-8918-34415dd21b70'),
('3cd31750-0fdc-11ed-8918-34415dd21b70', 'Hải sản', '78286e3f-0fd9-11ed-8918-34415dd21b70'),
('3cd3178c-0fdc-11ed-8918-34415dd21b70', 'Thức ăn nấu sẵn', '7e3bec1d-0fd9-11ed-8918-34415dd21b70'),
('3cd317c9-0fdc-11ed-8918-34415dd21b70', 'Bánh mì', '7e3bec1d-0fd9-11ed-8918-34415dd21b70'),
('3cd31803-0fdc-11ed-8918-34415dd21b70', 'Bánh bao, đậu hũ', '80497c41-0fd9-11ed-8918-34415dd21b70'),
('3cd31845-0fdc-11ed-8918-34415dd21b70', 'Xúc xích, lạp xưởng', '80497c41-0fd9-11ed-8918-34415dd21b70'),
('3cd31882-0fdc-11ed-8918-34415dd21b70', 'Thịt nguội', '80497c41-0fd9-11ed-8918-34415dd21b70'),
('3cd318ba-0fdc-11ed-8918-34415dd21b70', 'Thủy hải sản', '80497c41-0fd9-11ed-8918-34415dd21b70'),
('3cd318f4-0fdc-11ed-8918-34415dd21b70', 'Thực phẩm chế biến', '80497c41-0fd9-11ed-8918-34415dd21b70'),
('3cd31937-0fdc-11ed-8918-34415dd21b70', 'Mì', '836d0192-0fd9-11ed-8918-34415dd21b70'),
('3cd3196d-0fdc-11ed-8918-34415dd21b70', 'Miến', '836d0192-0fd9-11ed-8918-34415dd21b70'),
('3cd319d5-0fdc-11ed-8918-34415dd21b70', 'Bánh đa', '836d0192-0fd9-11ed-8918-34415dd21b70'),
('3cd31a15-0fdc-11ed-8918-34415dd21b70', 'Nui', '836d0192-0fd9-11ed-8918-34415dd21b70'),
('3cd31a7c-0fdc-11ed-8918-34415dd21b70', 'Gạo', '836d0192-0fd9-11ed-8918-34415dd21b70'),
('3cd31abd-0fdc-11ed-8918-34415dd21b70', 'Nông sản khô', '836d0192-0fd9-11ed-8918-34415dd21b70'),
('3dfdb35f-0fdc-11ed-8918-34415dd21b70', 'Dầu ăn, gia vị', '836d0192-0fd9-11ed-8918-34415dd21b70'),
('3dfdb413-0fdc-11ed-8918-34415dd21b70', 'Ngũ cốc, Yến mạch', '836d0192-0fd9-11ed-8918-34415dd21b70'),
('3dfdb47a-0fdc-11ed-8918-34415dd21b70', 'Đồ hộp các loại', '836d0192-0fd9-11ed-8918-34415dd21b70'),
('3dfdb4bd-0fdc-11ed-8918-34415dd21b70', 'Rong biển, tảo biển', '836d0192-0fd9-11ed-8918-34415dd21b70'),
('3dfdb4fc-0fdc-11ed-8918-34415dd21b70', 'Bột nấu ăn', '836d0192-0fd9-11ed-8918-34415dd21b70'),
('3dfdb539-0fdc-11ed-8918-34415dd21b70', 'Sữa tươi', '88a5158f-0fd9-11ed-8918-34415dd21b70'),
('3dfdb580-0fdc-11ed-8918-34415dd21b70', 'Sữa hạt, sữa đậu', '88a5158f-0fd9-11ed-8918-34415dd21b70'),
('3dfdb5c1-0fdc-11ed-8918-34415dd21b70', 'Sữa bột', '88a5158f-0fd9-11ed-8918-34415dd21b70'),
('3dfdb5ff-0fdc-11ed-8918-34415dd21b70', 'Thức uống lúa mạch', '88a5158f-0fd9-11ed-8918-34415dd21b70'),
('3dfdb63e-0fdc-11ed-8918-34415dd21b70', 'Bơ, phô mai', '88a5158f-0fd9-11ed-8918-34415dd21b70'),
('3dfdb67d-0fdc-11ed-8918-34415dd21b70', 'Sữa chua, váng sữa', '88a5158f-0fd9-11ed-8918-34415dd21b70'),
('3dfdb6ba-0fdc-11ed-8918-34415dd21b70', 'Bia, nước uống có cồn', '8abc42e6-0fd9-11ed-8918-34415dd21b70'),
('3dfdb712-0fdc-11ed-8918-34415dd21b70', 'Nước suối, nước ngọt', '8abc42e6-0fd9-11ed-8918-34415dd21b70'),
('3dfdb7aa-0fdc-11ed-8918-34415dd21b70', 'Cà phê, trà các loại', '8abc42e6-0fd9-11ed-8918-34415dd21b70'),
('3dfdb7ec-0fdc-11ed-8918-34415dd21b70', 'Vệ sinh nhà cửa', '8cda154f-0fd9-11ed-8918-34415dd21b70'),
('3dfdb82b-0fdc-11ed-8918-34415dd21b70', 'Chất giặt tẩy ', '8cda154f-0fd9-11ed-8918-34415dd21b70'),
('3dfdb86e-0fdc-11ed-8918-34415dd21b70', 'Mỹ phẩm ', '8cda154f-0fd9-11ed-8918-34415dd21b70'),
('3dfdb8ac-0fdc-11ed-8918-34415dd21b70', 'Chăm sóc tóc', '8ef7b464-0fd9-11ed-8918-34415dd21b70'),
('3dfdb8e7-0fdc-11ed-8918-34415dd21b70', 'Chăm sóc da', '8ef7b464-0fd9-11ed-8918-34415dd21b70'),
('3dfdb924-0fdc-11ed-8918-34415dd21b70', 'Chăm sóc răng miệng', '8ef7b464-0fd9-11ed-8918-34415dd21b70'),
('3dfdb95e-0fdc-11ed-8918-34415dd21b70', 'Chăm sóc phụ nữ', '8ef7b464-0fd9-11ed-8918-34415dd21b70'),
('3dfdb998-0fdc-11ed-8918-34415dd21b70', 'Chăm sóc cá nhân', '8ef7b464-0fd9-11ed-8918-34415dd21b70'),
('3dfdb9d4-0fdc-11ed-8918-34415dd21b70', 'Khăn giấy, khăn ướt', '8ef7b464-0fd9-11ed-8918-34415dd21b70'),
('3dfdba10-0fdc-11ed-8918-34415dd21b70', 'Khẩu trang', '8ef7b464-0fd9-11ed-8918-34415dd21b70'),
('3dfdba48-0fdc-11ed-8918-34415dd21b70', 'Sữa bột, sữa đặc, dinh dưỡng trẻ em', '91452f3f-0fd9-11ed-8918-34415dd21b70'),
('3dfdba8b-0fdc-11ed-8918-34415dd21b70', 'Tã bỉm các loại', '91452f3f-0fd9-11ed-8918-34415dd21b70'),
('3dfdbac3-0fdc-11ed-8918-34415dd21b70', 'Đồ dùng chăm sóc mẹ và bé', '91452f3f-0fd9-11ed-8918-34415dd21b70'),
('3dfdbaff-0fdc-11ed-8918-34415dd21b70', 'Bánh xốp, bánh quy', '861ae0b4-0fd9-11ed-8918-34415dd21b70'),
('3dfdbb41-0fdc-11ed-8918-34415dd21b70', 'Kẹo, Chocolate', '861ae0b4-0fd9-11ed-8918-34415dd21b70'),
('3dfdbbe0-0fdc-11ed-8918-34415dd21b70', 'Bánh snack', '861ae0b4-0fd9-11ed-8918-34415dd21b70'),
('3dfdbc6a-0fdc-11ed-8918-34415dd21b70', 'Hạt sấy khô', '861ae0b4-0fd9-11ed-8918-34415dd21b70'),
('3dfdbcb0-0fdc-11ed-8918-34415dd21b70', 'Trái cây sấy, ô mai', '861ae0b4-0fd9-11ed-8918-34415dd21b70');

-- 
-- Restore previous SQL mode
-- 
/*!40101 SET SQL_MODE=@OLD_SQL_MODE */;

-- 
-- Enable foreign keys
-- 
/*!40014 SET FOREIGN_KEY_CHECKS = @OLD_FOREIGN_KEY_CHECKS */;